--------------------------------------------------------
--  File created - joi-ianuarie-12-2023   
--------------------------------------------------------
DROP TABLE "SYS"."AGENTIE" cascade constraints;
DROP TABLE "SYS"."ANGAJAT" cascade constraints;
DROP TABLE "SYS"."COLABOREAZA" cascade constraints;
DROP TABLE "SYS"."FIRMA" cascade constraints;
DROP TABLE "SYS"."OFERTA_JOB" cascade constraints;
DROP TABLE "SYS"."PARTICIPA" cascade constraints;
DROP TABLE "SYS"."PARTICIPANT" cascade constraints;
DROP TABLE "SYS"."PROIECT" cascade constraints;
DROP TABLE "SYS"."SPONSOR" cascade constraints;
DROP TABLE "SYS"."SPONSORIZEAZA" cascade constraints;
--------------------------------------------------------
--  DDL for Table AGENTIE
--------------------------------------------------------

  CREATE TABLE "SYS"."AGENTIE" 
   (	"ID_AGENTIE" NUMBER(4,0), 
	"NUME" VARCHAR2(30 BYTE), 
	"NR_TELEFON" VARCHAR2(15 BYTE), 
	"MAIL" VARCHAR2(30 BYTE), 
	"WEBSITE" VARCHAR2(50 BYTE)
   ) PCTFREE 10 PCTUSED 40 INITRANS 1 MAXTRANS 255 
 NOCOMPRESS LOGGING
  STORAGE(INITIAL 65536 NEXT 1048576 MINEXTENTS 1 MAXEXTENTS 2147483645
  PCTINCREASE 0 FREELISTS 1 FREELIST GROUPS 1
  BUFFER_POOL DEFAULT FLASH_CACHE DEFAULT CELL_FLASH_CACHE DEFAULT)
  TABLESPACE "SYSTEM" ;
--------------------------------------------------------
--  DDL for Table ANGAJAT
--------------------------------------------------------

  CREATE TABLE "SYS"."ANGAJAT" 
   (	"ID_ANGAJAT" NUMBER(4,0), 
	"NUME" VARCHAR2(30 BYTE), 
	"PRENUME" VARCHAR2(30 BYTE), 
	"NR_TELEFON" VARCHAR2(15 BYTE), 
	"EMAIL" VARCHAR2(30 BYTE), 
	"DATA_ANGAJARII" DATE, 
	"ROL" VARCHAR2(30 BYTE), 
	"ID_AGENTIE" NUMBER(4,0)
   ) PCTFREE 10 PCTUSED 40 INITRANS 1 MAXTRANS 255 
 NOCOMPRESS LOGGING
  STORAGE(INITIAL 65536 NEXT 1048576 MINEXTENTS 1 MAXEXTENTS 2147483645
  PCTINCREASE 0 FREELISTS 1 FREELIST GROUPS 1
  BUFFER_POOL DEFAULT FLASH_CACHE DEFAULT CELL_FLASH_CACHE DEFAULT)
  TABLESPACE "SYSTEM" ;
--------------------------------------------------------
--  DDL for Table COLABOREAZA
--------------------------------------------------------

  CREATE TABLE "SYS"."COLABOREAZA" 
   (	"ID_SPONSOR" NUMBER(4,0), 
	"ID_FIRMA" NUMBER(4,0)
   ) PCTFREE 10 PCTUSED 40 INITRANS 1 MAXTRANS 255 
 NOCOMPRESS LOGGING
  STORAGE(INITIAL 65536 NEXT 1048576 MINEXTENTS 1 MAXEXTENTS 2147483645
  PCTINCREASE 0 FREELISTS 1 FREELIST GROUPS 1
  BUFFER_POOL DEFAULT FLASH_CACHE DEFAULT CELL_FLASH_CACHE DEFAULT)
  TABLESPACE "SYSTEM" ;
--------------------------------------------------------
--  DDL for Table FIRMA
--------------------------------------------------------

  CREATE TABLE "SYS"."FIRMA" 
   (	"ID_FIRMA" NUMBER(4,0), 
	"NUME" VARCHAR2(20 BYTE), 
	"MAIL" VARCHAR2(30 BYTE), 
	"NR_TELEFON" VARCHAR2(15 BYTE), 
	"TARA" VARCHAR2(30 BYTE), 
	"ORAS" VARCHAR2(20 BYTE), 
	"ADRESA" VARCHAR2(50 BYTE)
   ) PCTFREE 10 PCTUSED 40 INITRANS 1 MAXTRANS 255 
 NOCOMPRESS LOGGING
  STORAGE(INITIAL 65536 NEXT 1048576 MINEXTENTS 1 MAXEXTENTS 2147483645
  PCTINCREASE 0 FREELISTS 1 FREELIST GROUPS 1
  BUFFER_POOL DEFAULT FLASH_CACHE DEFAULT CELL_FLASH_CACHE DEFAULT)
  TABLESPACE "SYSTEM" ;
--------------------------------------------------------
--  DDL for Table OFERTA_JOB
--------------------------------------------------------

  CREATE TABLE "SYS"."OFERTA_JOB" 
   (	"ID_OFERTA" NUMBER(4,0), 
	"TIP_JOB" VARCHAR2(30 BYTE), 
	"LOCURI_DISPONIBILE" NUMBER(4,0), 
	"SALARIU" NUMBER(5,0), 
	"NR_MIN_ORE" NUMBER(2,0), 
	"ID_FIRMA" NUMBER(4,0)
   ) PCTFREE 10 PCTUSED 40 INITRANS 1 MAXTRANS 255 
 NOCOMPRESS LOGGING
  STORAGE(INITIAL 65536 NEXT 1048576 MINEXTENTS 1 MAXEXTENTS 2147483645
  PCTINCREASE 0 FREELISTS 1 FREELIST GROUPS 1
  BUFFER_POOL DEFAULT FLASH_CACHE DEFAULT CELL_FLASH_CACHE DEFAULT)
  TABLESPACE "SYSTEM" ;
--------------------------------------------------------
--  DDL for Table PARTICIPA
--------------------------------------------------------

  CREATE TABLE "SYS"."PARTICIPA" 
   (	"ID_PROIECT" NUMBER(4,0), 
	"ID_PARTICIPANT" NUMBER(4,0)
   ) PCTFREE 10 PCTUSED 40 INITRANS 1 MAXTRANS 255 
 NOCOMPRESS LOGGING
  STORAGE(INITIAL 65536 NEXT 1048576 MINEXTENTS 1 MAXEXTENTS 2147483645
  PCTINCREASE 0 FREELISTS 1 FREELIST GROUPS 1
  BUFFER_POOL DEFAULT FLASH_CACHE DEFAULT CELL_FLASH_CACHE DEFAULT)
  TABLESPACE "SYSTEM" ;
--------------------------------------------------------
--  DDL for Table PARTICIPANT
--------------------------------------------------------

  CREATE TABLE "SYS"."PARTICIPANT" 
   (	"ID_PARTICIPANT" NUMBER(4,0), 
	"NUME" VARCHAR2(30 BYTE), 
	"PRENUME" VARCHAR2(30 BYTE), 
	"NR_TELEFON" VARCHAR2(15 BYTE), 
	"MAIL" VARCHAR2(30 BYTE), 
	"ORAS" VARCHAR2(20 BYTE), 
	"ADRESA" VARCHAR2(50 BYTE), 
	"FACULTATE" VARCHAR2(50 BYTE), 
	"STARE" VARCHAR2(20 BYTE)
   ) PCTFREE 10 PCTUSED 40 INITRANS 1 MAXTRANS 255 
 NOCOMPRESS LOGGING
  STORAGE(INITIAL 65536 NEXT 1048576 MINEXTENTS 1 MAXEXTENTS 2147483645
  PCTINCREASE 0 FREELISTS 1 FREELIST GROUPS 1
  BUFFER_POOL DEFAULT FLASH_CACHE DEFAULT CELL_FLASH_CACHE DEFAULT)
  TABLESPACE "SYSTEM" ;
--------------------------------------------------------
--  DDL for Table PROIECT
--------------------------------------------------------

  CREATE TABLE "SYS"."PROIECT" 
   (	"ID_PROIECT" NUMBER(4,0), 
	"NUME" VARCHAR2(30 BYTE), 
	"TARA_DESTINATIE" VARCHAR2(30 BYTE), 
	"DATA_INCEPERE" DATE, 
	"DATA_FINAL" DATE, 
	"SUMA_BANI" NUMBER(4,0), 
	"ID_AGENTIE" NUMBER(4,0)
   ) PCTFREE 10 PCTUSED 40 INITRANS 1 MAXTRANS 255 
 NOCOMPRESS LOGGING
  STORAGE(INITIAL 65536 NEXT 1048576 MINEXTENTS 1 MAXEXTENTS 2147483645
  PCTINCREASE 0 FREELISTS 1 FREELIST GROUPS 1
  BUFFER_POOL DEFAULT FLASH_CACHE DEFAULT CELL_FLASH_CACHE DEFAULT)
  TABLESPACE "SYSTEM" ;
--------------------------------------------------------
--  DDL for Table SPONSOR
--------------------------------------------------------

  CREATE TABLE "SYS"."SPONSOR" 
   (	"ID_SPONSOR" NUMBER(4,0), 
	"NUME" VARCHAR2(30 BYTE), 
	"MAIL" VARCHAR2(30 BYTE), 
	"NR_TELEFON" VARCHAR2(15 BYTE)
   ) PCTFREE 10 PCTUSED 40 INITRANS 1 MAXTRANS 255 
 NOCOMPRESS LOGGING
  STORAGE(INITIAL 65536 NEXT 1048576 MINEXTENTS 1 MAXEXTENTS 2147483645
  PCTINCREASE 0 FREELISTS 1 FREELIST GROUPS 1
  BUFFER_POOL DEFAULT FLASH_CACHE DEFAULT CELL_FLASH_CACHE DEFAULT)
  TABLESPACE "SYSTEM" ;
--------------------------------------------------------
--  DDL for Table SPONSORIZEAZA
--------------------------------------------------------

  CREATE TABLE "SYS"."SPONSORIZEAZA" 
   (	"ID_SPONSOR" NUMBER(4,0), 
	"ID_PROIECT" NUMBER(4,0)
   ) PCTFREE 10 PCTUSED 40 INITRANS 1 MAXTRANS 255 
 NOCOMPRESS LOGGING
  STORAGE(INITIAL 65536 NEXT 1048576 MINEXTENTS 1 MAXEXTENTS 2147483645
  PCTINCREASE 0 FREELISTS 1 FREELIST GROUPS 1
  BUFFER_POOL DEFAULT FLASH_CACHE DEFAULT CELL_FLASH_CACHE DEFAULT)
  TABLESPACE "SYSTEM" ;
REM INSERTING into SYS.AGENTIE
SET DEFINE OFF;
Insert into SYS.AGENTIE (ID_AGENTIE,NUME,NR_TELEFON,MAIL,WEBSITE) values ('25','Student Travel','0748368204','student_travel@aol.com','studenttravel.com');
REM INSERTING into SYS.ANGAJAT
SET DEFINE OFF;
Insert into SYS.ANGAJAT (ID_ANGAJAT,NUME,PRENUME,NR_TELEFON,EMAIL,DATA_ANGAJARII,ROL,ID_AGENTIE) values ('1','Cristea','Alina','0768591468','alina_student@aol.com',to_date('23-02-2018','DD-MM-RRRR'),'AGENT','25');
Insert into SYS.ANGAJAT (ID_ANGAJAT,NUME,PRENUME,NR_TELEFON,EMAIL,DATA_ANGAJARII,ROL,ID_AGENTIE) values ('2','Micle','Razvan','0768893468','razvan_student@aol.com',to_date('18-12-2015','DD-MM-RRRR'),'AGENT','25');
Insert into SYS.ANGAJAT (ID_ANGAJAT,NUME,PRENUME,NR_TELEFON,EMAIL,DATA_ANGAJARII,ROL,ID_AGENTIE) values ('3','Macovei','Cecilia','0728481468','cecilia_student@aol.com',to_date('04-10-2010','DD-MM-RRRR'),'CONTABIL','25');
Insert into SYS.ANGAJAT (ID_ANGAJAT,NUME,PRENUME,NR_TELEFON,EMAIL,DATA_ANGAJARII,ROL,ID_AGENTIE) values ('4','Iancu','Iuliana','0734991468','iuliana_student@aol.com',to_date('17-07-2020','DD-MM-RRRR'),'CURATENIE','25');
Insert into SYS.ANGAJAT (ID_ANGAJAT,NUME,PRENUME,NR_TELEFON,EMAIL,DATA_ANGAJARII,ROL,ID_AGENTIE) values ('5','Chiru','Mihai','0768531469','mihai_student@aol.com',to_date('05-09-2018','DD-MM-RRRR'),'AGENT','25');
REM INSERTING into SYS.COLABOREAZA
SET DEFINE OFF;
Insert into SYS.COLABOREAZA (ID_SPONSOR,ID_FIRMA) values ('139','21');
Insert into SYS.COLABOREAZA (ID_SPONSOR,ID_FIRMA) values ('139','85');
Insert into SYS.COLABOREAZA (ID_SPONSOR,ID_FIRMA) values ('15','21');
Insert into SYS.COLABOREAZA (ID_SPONSOR,ID_FIRMA) values ('340','125');
Insert into SYS.COLABOREAZA (ID_SPONSOR,ID_FIRMA) values ('57','2');
REM INSERTING into SYS.FIRMA
SET DEFINE OFF;
Insert into SYS.FIRMA (ID_FIRMA,NUME,MAIL,NR_TELEFON,TARA,ORAS,ADRESA) values ('21','Dunkin Donuts','powerofq@aol.com','9735537468','USA','Montpelier','Main Street 350');
Insert into SYS.FIRMA (ID_FIRMA,NUME,MAIL,NR_TELEFON,TARA,ORAS,ADRESA) values ('85','Otesaga Resort Hotel','resortotesaga@aol.com','4035564892','USA','Cooperstown NY','90 Prospect Street');
Insert into SYS.FIRMA (ID_FIRMA,NUME,MAIL,NR_TELEFON,TARA,ORAS,ADRESA) values ('125','Aramark','aram@gmail.com','8867202021','Islanda','Rejkavik','Bundle Street 29');
Insert into SYS.FIRMA (ID_FIRMA,NUME,MAIL,NR_TELEFON,TARA,ORAS,ADRESA) values ('2','Brek N Boujee','nboujee@yahoo.com','0897688655','Australia','Sydney','Aligator Street 83');
Insert into SYS.FIRMA (ID_FIRMA,NUME,MAIL,NR_TELEFON,TARA,ORAS,ADRESA) values ('39','Cedar Point','cedar@point.com','3373362929','Brazilia','Brasil','Summer Street 10');
REM INSERTING into SYS.OFERTA_JOB
SET DEFINE OFF;
Insert into SYS.OFERTA_JOB (ID_OFERTA,TIP_JOB,LOCURI_DISPONIBILE,SALARIU,NR_MIN_ORE,ID_FIRMA) values ('2772','Barista','5','2300','40','21');
Insert into SYS.OFERTA_JOB (ID_OFERTA,TIP_JOB,LOCURI_DISPONIBILE,SALARIU,NR_MIN_ORE,ID_FIRMA) values ('235','Fotograf','2','3400','20','85');
Insert into SYS.OFERTA_JOB (ID_OFERTA,TIP_JOB,LOCURI_DISPONIBILE,SALARIU,NR_MIN_ORE,ID_FIRMA) values ('220','Receptioner','10','4000','35','85');
Insert into SYS.OFERTA_JOB (ID_OFERTA,TIP_JOB,LOCURI_DISPONIBILE,SALARIU,NR_MIN_ORE,ID_FIRMA) values ('10','Intern','3','2000','45','39');
Insert into SYS.OFERTA_JOB (ID_OFERTA,TIP_JOB,LOCURI_DISPONIBILE,SALARIU,NR_MIN_ORE,ID_FIRMA) values ('48','Bucatar','1','4500','40','2');
REM INSERTING into SYS.PARTICIPA
SET DEFINE OFF;
Insert into SYS.PARTICIPA (ID_PROIECT,ID_PARTICIPANT) values ('20','44');
Insert into SYS.PARTICIPA (ID_PROIECT,ID_PARTICIPANT) values ('20','28');
Insert into SYS.PARTICIPA (ID_PROIECT,ID_PARTICIPANT) values ('36','156');
Insert into SYS.PARTICIPA (ID_PROIECT,ID_PARTICIPANT) values ('12','44');
Insert into SYS.PARTICIPA (ID_PROIECT,ID_PARTICIPANT) values ('18','230');
REM INSERTING into SYS.PARTICIPANT
SET DEFINE OFF;
Insert into SYS.PARTICIPANT (ID_PARTICIPANT,NUME,PRENUME,NR_TELEFON,MAIL,ORAS,ADRESA,FACULTATE,STARE) values ('230','Alexe','Vlad','0796300652','vlalexe@gmail.com','Bucuresti','Strada Grivitei nr 28','Facultatea de Limbi Straine','ACTIV');
Insert into SYS.PARTICIPANT (ID_PARTICIPANT,NUME,PRENUME,NR_TELEFON,MAIL,ORAS,ADRESA,FACULTATE,STARE) values ('156','Marin','Eduard','0776470652','eduard@gmail.com','Constanta','Str Sperantei nr 27 bloc C ap2','Facultatea de Constructii','INACTIV');
Insert into SYS.PARTICIPANT (ID_PARTICIPANT,NUME,PRENUME,NR_TELEFON,MAIL,ORAS,ADRESA,FACULTATE,STARE) values ('28','Dumitru','Maria','0797852652','marii@gmail.com','Bucuresti','Str Ciresului nr 7A','Facultatea de Geografie','ACTIV');
Insert into SYS.PARTICIPANT (ID_PARTICIPANT,NUME,PRENUME,NR_TELEFON,MAIL,ORAS,ADRESA,FACULTATE,STARE) values ('44','Epure','Cristian','0747305491','cristian@gmail.com','Rosiori','Strada Carpati nr 210','Facultatea de Energetica','ACTIV');
Insert into SYS.PARTICIPANT (ID_PARTICIPANT,NUME,PRENUME,NR_TELEFON,MAIL,ORAS,ADRESA,FACULTATE,STARE) values ('176','Nistor','Amalia','0716480697','nistoramalia@gmail.com','Cluj','Strada Anton Pann nr4 bl 3 ap8','Facultatea de Istorie','ACTIV');
REM INSERTING into SYS.PROIECT
SET DEFINE OFF;
Insert into SYS.PROIECT (ID_PROIECT,NUME,TARA_DESTINATIE,DATA_INCEPERE,DATA_FINAL,SUMA_BANI,ID_AGENTIE) values ('20','Work and Travel USA','USA',to_date('15-06-2023','DD-MM-RRRR'),to_date('31-10-2023','DD-MM-RRRR'),'1400','25');
Insert into SYS.PROIECT (ID_PROIECT,NUME,TARA_DESTINATIE,DATA_INCEPERE,DATA_FINAL,SUMA_BANI,ID_AGENTIE) values ('18','Work and Travel Islanda','Islanda',to_date('20-05-2023','DD-MM-RRRR'),to_date('30-09-2023','DD-MM-RRRR'),'800','25');
Insert into SYS.PROIECT (ID_PROIECT,NUME,TARA_DESTINATIE,DATA_INCEPERE,DATA_FINAL,SUMA_BANI,ID_AGENTIE) values ('36','Work with Australia','Australia',to_date('27-06-2023','DD-MM-RRRR'),to_date('27-12-2023','DD-MM-RRRR'),'1650','25');
Insert into SYS.PROIECT (ID_PROIECT,NUME,TARA_DESTINATIE,DATA_INCEPERE,DATA_FINAL,SUMA_BANI,ID_AGENTIE) values ('12','Internship Brazilia','Brazilia',to_date('30-06-2023','DD-MM-RRRR'),to_date('30-10-2023','DD-MM-RRRR'),'2400','25');
Insert into SYS.PROIECT (ID_PROIECT,NUME,TARA_DESTINATIE,DATA_INCEPERE,DATA_FINAL,SUMA_BANI,ID_AGENTIE) values ('8','Camp USA','USA',to_date('25-07-2023','DD-MM-RRRR'),to_date('25-09-2023','DD-MM-RRRR'),'1730','25');
REM INSERTING into SYS.SPONSOR
SET DEFINE OFF;
Insert into SYS.SPONSOR (ID_SPONSOR,NUME,MAIL,NR_TELEFON) values ('268','InterExchange','interex@yahoo.com','8025678400');
Insert into SYS.SPONSOR (ID_SPONSOR,NUME,MAIL,NR_TELEFON) values ('139','CIEE','ciee@gmail.com','5025488537');
Insert into SYS.SPONSOR (ID_SPONSOR,NUME,MAIL,NR_TELEFON) values ('15','Intrax','intrax@vbc.com','0759188375');
Insert into SYS.SPONSOR (ID_SPONSOR,NUME,MAIL,NR_TELEFON) values ('340','Greenheart','watt@greenheart.org','3225558790');
Insert into SYS.SPONSOR (ID_SPONSOR,NUME,MAIL,NR_TELEFON) values ('57','IENA','exchange@yahoo.com','4903851313');
REM INSERTING into SYS.SPONSORIZEAZA
SET DEFINE OFF;
Insert into SYS.SPONSORIZEAZA (ID_SPONSOR,ID_PROIECT) values ('57','12');
Insert into SYS.SPONSORIZEAZA (ID_SPONSOR,ID_PROIECT) values ('268','12');
Insert into SYS.SPONSORIZEAZA (ID_SPONSOR,ID_PROIECT) values ('57','36');
Insert into SYS.SPONSORIZEAZA (ID_SPONSOR,ID_PROIECT) values ('15','8');
Insert into SYS.SPONSORIZEAZA (ID_SPONSOR,ID_PROIECT) values ('340','12');
--------------------------------------------------------
--  Constraints for Table AGENTIE
--------------------------------------------------------

  ALTER TABLE "SYS"."AGENTIE" MODIFY ("NUME" CONSTRAINT "NUME_NN" NOT NULL ENABLE);
  ALTER TABLE "SYS"."AGENTIE" MODIFY ("NR_TELEFON" CONSTRAINT "NR_TELEFON_NN" NOT NULL ENABLE);
  ALTER TABLE "SYS"."AGENTIE" MODIFY ("MAIL" CONSTRAINT "MAIL_NN" NOT NULL ENABLE);
  ALTER TABLE "SYS"."AGENTIE" MODIFY ("WEBSITE" CONSTRAINT "WEBSITE_NN" NOT NULL ENABLE);
  ALTER TABLE "SYS"."AGENTIE" ADD CONSTRAINT "AGENTIE_IDAGENTIE_PK" PRIMARY KEY ("ID_AGENTIE")
  USING INDEX PCTFREE 10 INITRANS 2 MAXTRANS 255 
  STORAGE(INITIAL 65536 NEXT 1048576 MINEXTENTS 1 MAXEXTENTS 2147483645
  PCTINCREASE 0 FREELISTS 1 FREELIST GROUPS 1
  BUFFER_POOL DEFAULT FLASH_CACHE DEFAULT CELL_FLASH_CACHE DEFAULT)
  TABLESPACE "SYSTEM"  ENABLE;
  ALTER TABLE "SYS"."AGENTIE" ADD CONSTRAINT "NR_TELEFON_U" UNIQUE ("NR_TELEFON")
  USING INDEX PCTFREE 10 INITRANS 2 MAXTRANS 255 
  STORAGE(INITIAL 65536 NEXT 1048576 MINEXTENTS 1 MAXEXTENTS 2147483645
  PCTINCREASE 0 FREELISTS 1 FREELIST GROUPS 1
  BUFFER_POOL DEFAULT FLASH_CACHE DEFAULT CELL_FLASH_CACHE DEFAULT)
  TABLESPACE "SYSTEM"  ENABLE;
  ALTER TABLE "SYS"."AGENTIE" ADD CONSTRAINT "EMAIL_U" UNIQUE ("MAIL")
  USING INDEX PCTFREE 10 INITRANS 2 MAXTRANS 255 
  STORAGE(INITIAL 65536 NEXT 1048576 MINEXTENTS 1 MAXEXTENTS 2147483645
  PCTINCREASE 0 FREELISTS 1 FREELIST GROUPS 1
  BUFFER_POOL DEFAULT FLASH_CACHE DEFAULT CELL_FLASH_CACHE DEFAULT)
  TABLESPACE "SYSTEM"  ENABLE;
  ALTER TABLE "SYS"."AGENTIE" ADD CONSTRAINT "WEBSITE_U" UNIQUE ("WEBSITE")
  USING INDEX PCTFREE 10 INITRANS 2 MAXTRANS 255 
  STORAGE(INITIAL 65536 NEXT 1048576 MINEXTENTS 1 MAXEXTENTS 2147483645
  PCTINCREASE 0 FREELISTS 1 FREELIST GROUPS 1
  BUFFER_POOL DEFAULT FLASH_CACHE DEFAULT CELL_FLASH_CACHE DEFAULT)
  TABLESPACE "SYSTEM"  ENABLE;
--------------------------------------------------------
--  Constraints for Table ANGAJAT
--------------------------------------------------------

  ALTER TABLE "SYS"."ANGAJAT" MODIFY ("NUME" CONSTRAINT "NUME_ANGAJAT_NN" NOT NULL ENABLE);
  ALTER TABLE "SYS"."ANGAJAT" MODIFY ("PRENUME" CONSTRAINT "PRENUME_ANGAJAT_NN" NOT NULL ENABLE);
  ALTER TABLE "SYS"."ANGAJAT" MODIFY ("NR_TELEFON" CONSTRAINT "NR_TELEFON_ANGAJAT_NN" NOT NULL ENABLE);
  ALTER TABLE "SYS"."ANGAJAT" MODIFY ("EMAIL" CONSTRAINT "EMAIL_ANGAJAT_NN" NOT NULL ENABLE);
  ALTER TABLE "SYS"."ANGAJAT" MODIFY ("DATA_ANGAJARII" CONSTRAINT "DATA_ANGAJARII_NN" NOT NULL ENABLE);
  ALTER TABLE "SYS"."ANGAJAT" MODIFY ("ROL" CONSTRAINT "ROL_ANGAJAT_NN" NOT NULL ENABLE);
  ALTER TABLE "SYS"."ANGAJAT" ADD CONSTRAINT "ANGAJAT_IDANG_PK" PRIMARY KEY ("ID_ANGAJAT")
  USING INDEX PCTFREE 10 INITRANS 2 MAXTRANS 255 
  STORAGE(INITIAL 65536 NEXT 1048576 MINEXTENTS 1 MAXEXTENTS 2147483645
  PCTINCREASE 0 FREELISTS 1 FREELIST GROUPS 1
  BUFFER_POOL DEFAULT FLASH_CACHE DEFAULT CELL_FLASH_CACHE DEFAULT)
  TABLESPACE "SYSTEM"  ENABLE;
  ALTER TABLE "SYS"."ANGAJAT" ADD CONSTRAINT "NR_TELEFON_ANGAJAT_U" UNIQUE ("NR_TELEFON")
  USING INDEX PCTFREE 10 INITRANS 2 MAXTRANS 255 
  STORAGE(INITIAL 65536 NEXT 1048576 MINEXTENTS 1 MAXEXTENTS 2147483645
  PCTINCREASE 0 FREELISTS 1 FREELIST GROUPS 1
  BUFFER_POOL DEFAULT FLASH_CACHE DEFAULT CELL_FLASH_CACHE DEFAULT)
  TABLESPACE "SYSTEM"  ENABLE;
  ALTER TABLE "SYS"."ANGAJAT" ADD CONSTRAINT "EMAIL__ANGAJAT_U" UNIQUE ("EMAIL")
  USING INDEX PCTFREE 10 INITRANS 2 MAXTRANS 255 
  STORAGE(INITIAL 65536 NEXT 1048576 MINEXTENTS 1 MAXEXTENTS 2147483645
  PCTINCREASE 0 FREELISTS 1 FREELIST GROUPS 1
  BUFFER_POOL DEFAULT FLASH_CACHE DEFAULT CELL_FLASH_CACHE DEFAULT)
  TABLESPACE "SYSTEM"  ENABLE;
--------------------------------------------------------
--  Constraints for Table COLABOREAZA
--------------------------------------------------------

  ALTER TABLE "SYS"."COLABOREAZA" ADD CONSTRAINT "PK_COLABOREAZA" PRIMARY KEY ("ID_SPONSOR", "ID_FIRMA")
  USING INDEX PCTFREE 10 INITRANS 2 MAXTRANS 255 
  STORAGE(INITIAL 65536 NEXT 1048576 MINEXTENTS 1 MAXEXTENTS 2147483645
  PCTINCREASE 0 FREELISTS 1 FREELIST GROUPS 1
  BUFFER_POOL DEFAULT FLASH_CACHE DEFAULT CELL_FLASH_CACHE DEFAULT)
  TABLESPACE "SYSTEM"  ENABLE;
--------------------------------------------------------
--  Constraints for Table FIRMA
--------------------------------------------------------

  ALTER TABLE "SYS"."FIRMA" MODIFY ("NUME" CONSTRAINT "NUME_FIRMA_NN" NOT NULL ENABLE);
  ALTER TABLE "SYS"."FIRMA" MODIFY ("MAIL" CONSTRAINT "MAIL_FIRMA_NN" NOT NULL ENABLE);
  ALTER TABLE "SYS"."FIRMA" MODIFY ("NR_TELEFON" CONSTRAINT "NR_TELEFON_FIRMA_NN" NOT NULL ENABLE);
  ALTER TABLE "SYS"."FIRMA" MODIFY ("TARA" CONSTRAINT "TARA_FIRMA_NN" NOT NULL ENABLE);
  ALTER TABLE "SYS"."FIRMA" MODIFY ("ORAS" CONSTRAINT "ORAS_FIRMA_NN" NOT NULL ENABLE);
  ALTER TABLE "SYS"."FIRMA" MODIFY ("ADRESA" CONSTRAINT "ADRESA_FIRMA_NN" NOT NULL ENABLE);
  ALTER TABLE "SYS"."FIRMA" ADD CONSTRAINT "FIRMA_IDFIRMA_PK" PRIMARY KEY ("ID_FIRMA")
  USING INDEX PCTFREE 10 INITRANS 2 MAXTRANS 255 
  STORAGE(INITIAL 65536 NEXT 1048576 MINEXTENTS 1 MAXEXTENTS 2147483645
  PCTINCREASE 0 FREELISTS 1 FREELIST GROUPS 1
  BUFFER_POOL DEFAULT FLASH_CACHE DEFAULT CELL_FLASH_CACHE DEFAULT)
  TABLESPACE "SYSTEM"  ENABLE;
  ALTER TABLE "SYS"."FIRMA" ADD CONSTRAINT "MAIL_FIRMA_U" UNIQUE ("MAIL")
  USING INDEX PCTFREE 10 INITRANS 2 MAXTRANS 255 
  STORAGE(INITIAL 65536 NEXT 1048576 MINEXTENTS 1 MAXEXTENTS 2147483645
  PCTINCREASE 0 FREELISTS 1 FREELIST GROUPS 1
  BUFFER_POOL DEFAULT FLASH_CACHE DEFAULT CELL_FLASH_CACHE DEFAULT)
  TABLESPACE "SYSTEM"  ENABLE;
  ALTER TABLE "SYS"."FIRMA" ADD CONSTRAINT "NR_TELEFON_FIRMA_U" UNIQUE ("NR_TELEFON")
  USING INDEX PCTFREE 10 INITRANS 2 MAXTRANS 255 
  STORAGE(INITIAL 65536 NEXT 1048576 MINEXTENTS 1 MAXEXTENTS 2147483645
  PCTINCREASE 0 FREELISTS 1 FREELIST GROUPS 1
  BUFFER_POOL DEFAULT FLASH_CACHE DEFAULT CELL_FLASH_CACHE DEFAULT)
  TABLESPACE "SYSTEM"  ENABLE;
--------------------------------------------------------
--  Constraints for Table OFERTA_JOB
--------------------------------------------------------

  ALTER TABLE "SYS"."OFERTA_JOB" MODIFY ("TIP_JOB" CONSTRAINT "TIP_JOB_NN" NOT NULL ENABLE);
  ALTER TABLE "SYS"."OFERTA_JOB" MODIFY ("LOCURI_DISPONIBILE" CONSTRAINT "LOCURI_DISPONIBILE_NN" NOT NULL ENABLE);
  ALTER TABLE "SYS"."OFERTA_JOB" MODIFY ("SALARIU" CONSTRAINT "SALARIU_NN" NOT NULL ENABLE);
  ALTER TABLE "SYS"."OFERTA_JOB" MODIFY ("NR_MIN_ORE" CONSTRAINT "NR_MIN_ORE_NN" NOT NULL ENABLE);
  ALTER TABLE "SYS"."OFERTA_JOB" ADD CONSTRAINT "OFERTAJOB_IDOFRT_PK" PRIMARY KEY ("ID_OFERTA")
  USING INDEX PCTFREE 10 INITRANS 2 MAXTRANS 255 
  STORAGE(INITIAL 65536 NEXT 1048576 MINEXTENTS 1 MAXEXTENTS 2147483645
  PCTINCREASE 0 FREELISTS 1 FREELIST GROUPS 1
  BUFFER_POOL DEFAULT FLASH_CACHE DEFAULT CELL_FLASH_CACHE DEFAULT)
  TABLESPACE "SYSTEM"  ENABLE;
--------------------------------------------------------
--  Constraints for Table PARTICIPA
--------------------------------------------------------

  ALTER TABLE "SYS"."PARTICIPA" ADD CONSTRAINT "PK_PARTICIPA" PRIMARY KEY ("ID_PROIECT", "ID_PARTICIPANT")
  USING INDEX PCTFREE 10 INITRANS 2 MAXTRANS 255 
  STORAGE(INITIAL 65536 NEXT 1048576 MINEXTENTS 1 MAXEXTENTS 2147483645
  PCTINCREASE 0 FREELISTS 1 FREELIST GROUPS 1
  BUFFER_POOL DEFAULT FLASH_CACHE DEFAULT CELL_FLASH_CACHE DEFAULT)
  TABLESPACE "SYSTEM"  ENABLE;
--------------------------------------------------------
--  Constraints for Table PARTICIPANT
--------------------------------------------------------

  ALTER TABLE "SYS"."PARTICIPANT" MODIFY ("NUME" CONSTRAINT "NUME_PARTICIPANT_NN" NOT NULL ENABLE);
  ALTER TABLE "SYS"."PARTICIPANT" MODIFY ("PRENUME" CONSTRAINT "PRENUME_PARTICIPANT_NN" NOT NULL ENABLE);
  ALTER TABLE "SYS"."PARTICIPANT" MODIFY ("NR_TELEFON" CONSTRAINT "NR_TELEFON_PARTICIPANT_NN" NOT NULL ENABLE);
  ALTER TABLE "SYS"."PARTICIPANT" MODIFY ("MAIL" CONSTRAINT "MAIL_PARTICIPANT_NN" NOT NULL ENABLE);
  ALTER TABLE "SYS"."PARTICIPANT" MODIFY ("ORAS" CONSTRAINT "ORAS_PARTICIPANT_NN" NOT NULL ENABLE);
  ALTER TABLE "SYS"."PARTICIPANT" MODIFY ("ADRESA" CONSTRAINT "ADRESA_PARTICIPANT_NN" NOT NULL ENABLE);
  ALTER TABLE "SYS"."PARTICIPANT" MODIFY ("FACULTATE" CONSTRAINT "FACULTATE_NN" NOT NULL ENABLE);
  ALTER TABLE "SYS"."PARTICIPANT" MODIFY ("STARE" CONSTRAINT "STARE_NN" NOT NULL ENABLE);
  ALTER TABLE "SYS"."PARTICIPANT" ADD CONSTRAINT "STARE_CHECK" CHECK (stare in ('ACTIV', 'INACTIV')) ENABLE;
  ALTER TABLE "SYS"."PARTICIPANT" ADD CONSTRAINT "PARTICIPANT_IDPARTICIPANT_PK" PRIMARY KEY ("ID_PARTICIPANT")
  USING INDEX PCTFREE 10 INITRANS 2 MAXTRANS 255 
  STORAGE(INITIAL 65536 NEXT 1048576 MINEXTENTS 1 MAXEXTENTS 2147483645
  PCTINCREASE 0 FREELISTS 1 FREELIST GROUPS 1
  BUFFER_POOL DEFAULT FLASH_CACHE DEFAULT CELL_FLASH_CACHE DEFAULT)
  TABLESPACE "SYSTEM"  ENABLE;
  ALTER TABLE "SYS"."PARTICIPANT" ADD CONSTRAINT "MAIL_PARTICIPANT_U" UNIQUE ("MAIL")
  USING INDEX PCTFREE 10 INITRANS 2 MAXTRANS 255 
  STORAGE(INITIAL 65536 NEXT 1048576 MINEXTENTS 1 MAXEXTENTS 2147483645
  PCTINCREASE 0 FREELISTS 1 FREELIST GROUPS 1
  BUFFER_POOL DEFAULT FLASH_CACHE DEFAULT CELL_FLASH_CACHE DEFAULT)
  TABLESPACE "SYSTEM"  ENABLE;
  ALTER TABLE "SYS"."PARTICIPANT" ADD CONSTRAINT "NR_TELEFON_PARTICIPANT_U" UNIQUE ("NR_TELEFON")
  USING INDEX PCTFREE 10 INITRANS 2 MAXTRANS 255 
  STORAGE(INITIAL 65536 NEXT 1048576 MINEXTENTS 1 MAXEXTENTS 2147483645
  PCTINCREASE 0 FREELISTS 1 FREELIST GROUPS 1
  BUFFER_POOL DEFAULT FLASH_CACHE DEFAULT CELL_FLASH_CACHE DEFAULT)
  TABLESPACE "SYSTEM"  ENABLE;
--------------------------------------------------------
--  Constraints for Table PROIECT
--------------------------------------------------------

  ALTER TABLE "SYS"."PROIECT" MODIFY ("NUME" CONSTRAINT "NUME_PROIECT_NN" NOT NULL ENABLE);
  ALTER TABLE "SYS"."PROIECT" MODIFY ("TARA_DESTINATIE" CONSTRAINT "TARA_DESTINATIE_NN" NOT NULL ENABLE);
  ALTER TABLE "SYS"."PROIECT" MODIFY ("DATA_INCEPERE" CONSTRAINT "DATA_INCEPERE_NN" NOT NULL ENABLE);
  ALTER TABLE "SYS"."PROIECT" MODIFY ("DATA_FINAL" CONSTRAINT "DATA_FINAL_NN" NOT NULL ENABLE);
  ALTER TABLE "SYS"."PROIECT" MODIFY ("SUMA_BANI" CONSTRAINT "SUMA_BANI_NN" NOT NULL ENABLE);
  ALTER TABLE "SYS"."PROIECT" ADD CONSTRAINT "PROIECT_IDPROIECT_PK" PRIMARY KEY ("ID_PROIECT")
  USING INDEX PCTFREE 10 INITRANS 2 MAXTRANS 255 
  STORAGE(INITIAL 65536 NEXT 1048576 MINEXTENTS 1 MAXEXTENTS 2147483645
  PCTINCREASE 0 FREELISTS 1 FREELIST GROUPS 1
  BUFFER_POOL DEFAULT FLASH_CACHE DEFAULT CELL_FLASH_CACHE DEFAULT)
  TABLESPACE "SYSTEM"  ENABLE;
--------------------------------------------------------
--  Constraints for Table SPONSOR
--------------------------------------------------------

  ALTER TABLE "SYS"."SPONSOR" MODIFY ("NUME" CONSTRAINT "NUME_SPONSOR_NN" NOT NULL ENABLE);
  ALTER TABLE "SYS"."SPONSOR" MODIFY ("MAIL" CONSTRAINT "MAIL_SPONSOR_NN" NOT NULL ENABLE);
  ALTER TABLE "SYS"."SPONSOR" MODIFY ("NR_TELEFON" CONSTRAINT "NR_TELEFON_SPONSOR_NN" NOT NULL ENABLE);
  ALTER TABLE "SYS"."SPONSOR" ADD CONSTRAINT "SPONSOR_IDSPONSOR_PK" PRIMARY KEY ("ID_SPONSOR")
  USING INDEX PCTFREE 10 INITRANS 2 MAXTRANS 255 
  STORAGE(INITIAL 65536 NEXT 1048576 MINEXTENTS 1 MAXEXTENTS 2147483645
  PCTINCREASE 0 FREELISTS 1 FREELIST GROUPS 1
  BUFFER_POOL DEFAULT FLASH_CACHE DEFAULT CELL_FLASH_CACHE DEFAULT)
  TABLESPACE "SYSTEM"  ENABLE;
  ALTER TABLE "SYS"."SPONSOR" ADD CONSTRAINT "MAIL_SPONSOR_U" UNIQUE ("MAIL")
  USING INDEX PCTFREE 10 INITRANS 2 MAXTRANS 255 
  STORAGE(INITIAL 65536 NEXT 1048576 MINEXTENTS 1 MAXEXTENTS 2147483645
  PCTINCREASE 0 FREELISTS 1 FREELIST GROUPS 1
  BUFFER_POOL DEFAULT FLASH_CACHE DEFAULT CELL_FLASH_CACHE DEFAULT)
  TABLESPACE "SYSTEM"  ENABLE;
  ALTER TABLE "SYS"."SPONSOR" ADD CONSTRAINT "NR_TELEFON_SPONSOR_U" UNIQUE ("NR_TELEFON")
  USING INDEX PCTFREE 10 INITRANS 2 MAXTRANS 255 
  STORAGE(INITIAL 65536 NEXT 1048576 MINEXTENTS 1 MAXEXTENTS 2147483645
  PCTINCREASE 0 FREELISTS 1 FREELIST GROUPS 1
  BUFFER_POOL DEFAULT FLASH_CACHE DEFAULT CELL_FLASH_CACHE DEFAULT)
  TABLESPACE "SYSTEM"  ENABLE;
--------------------------------------------------------
--  Constraints for Table SPONSORIZEAZA
--------------------------------------------------------

  ALTER TABLE "SYS"."SPONSORIZEAZA" ADD CONSTRAINT "PK_SPONSORIZEAZA" PRIMARY KEY ("ID_SPONSOR", "ID_PROIECT")
  USING INDEX PCTFREE 10 INITRANS 2 MAXTRANS 255 
  STORAGE(INITIAL 65536 NEXT 1048576 MINEXTENTS 1 MAXEXTENTS 2147483645
  PCTINCREASE 0 FREELISTS 1 FREELIST GROUPS 1
  BUFFER_POOL DEFAULT FLASH_CACHE DEFAULT CELL_FLASH_CACHE DEFAULT)
  TABLESPACE "SYSTEM"  ENABLE;
--------------------------------------------------------
--  Ref Constraints for Table ANGAJAT
--------------------------------------------------------

  ALTER TABLE "SYS"."ANGAJAT" ADD CONSTRAINT "FK_ANG_AGENTIE" FOREIGN KEY ("ID_AGENTIE")
	  REFERENCES "SYS"."AGENTIE" ("ID_AGENTIE") ON DELETE SET NULL ENABLE;
--------------------------------------------------------
--  Ref Constraints for Table COLABOREAZA
--------------------------------------------------------

  ALTER TABLE "SYS"."COLABOREAZA" ADD CONSTRAINT "FK_COLABOREAZA_SPONSOR" FOREIGN KEY ("ID_SPONSOR")
	  REFERENCES "SYS"."SPONSOR" ("ID_SPONSOR") ON DELETE CASCADE ENABLE;
  ALTER TABLE "SYS"."COLABOREAZA" ADD CONSTRAINT "FK_COLABOREAZA_FIRMA" FOREIGN KEY ("ID_FIRMA")
	  REFERENCES "SYS"."FIRMA" ("ID_FIRMA") ON DELETE CASCADE ENABLE;
--------------------------------------------------------
--  Ref Constraints for Table OFERTA_JOB
--------------------------------------------------------

  ALTER TABLE "SYS"."OFERTA_JOB" ADD CONSTRAINT "FK_OFERTA_FIRMA" FOREIGN KEY ("ID_FIRMA")
	  REFERENCES "SYS"."FIRMA" ("ID_FIRMA") ON DELETE CASCADE ENABLE;
--------------------------------------------------------
--  Ref Constraints for Table PARTICIPA
--------------------------------------------------------

  ALTER TABLE "SYS"."PARTICIPA" ADD CONSTRAINT "FK_PARTICIPA_PROIECT" FOREIGN KEY ("ID_PROIECT")
	  REFERENCES "SYS"."PROIECT" ("ID_PROIECT") ON DELETE CASCADE ENABLE;
  ALTER TABLE "SYS"."PARTICIPA" ADD CONSTRAINT "FK_PARTICIPA_PARTICIPANT" FOREIGN KEY ("ID_PARTICIPANT")
	  REFERENCES "SYS"."PARTICIPANT" ("ID_PARTICIPANT") ON DELETE CASCADE ENABLE;
--------------------------------------------------------
--  Ref Constraints for Table PROIECT
--------------------------------------------------------

  ALTER TABLE "SYS"."PROIECT" ADD CONSTRAINT "FK_PROIECT_AGENTIE" FOREIGN KEY ("ID_AGENTIE")
	  REFERENCES "SYS"."AGENTIE" ("ID_AGENTIE") ON DELETE CASCADE ENABLE;
--------------------------------------------------------
--  Ref Constraints for Table SPONSORIZEAZA
--------------------------------------------------------

  ALTER TABLE "SYS"."SPONSORIZEAZA" ADD CONSTRAINT "FK_SPONSORIZEAZA_SPONSOR" FOREIGN KEY ("ID_SPONSOR")
	  REFERENCES "SYS"."SPONSOR" ("ID_SPONSOR") ON DELETE CASCADE ENABLE;
  ALTER TABLE "SYS"."SPONSORIZEAZA" ADD CONSTRAINT "FK_SPONSORIZEAZA_PROIECT" FOREIGN KEY ("ID_PROIECT")
	  REFERENCES "SYS"."PROIECT" ("ID_PROIECT") ON DELETE CASCADE ENABLE;
